1_churn_encoded_proba,prediction,customer_id
0.06865828092243187,0,4531-AUZNK
0.06865828092243187,0,2296-DKZFP
0.42727665084160554,0,9692-TUSXH
0.42727665084160554,0,5129-JLPIS
0.42727665084160554,0,1273-MTETI
0.42727665084160554,0,8757-TFHHJ
0.42727665084160554,0,1322-AGOQM
0.06865828092243187,0,0743-HRVFF
0.42727665084160554,0,0943-ZQPXH
0.06865828092243187,0,3932-CMDTD
0.06865828092243187,0,6892-BOGQE
0.42727665084160554,0,0224-HJAPT
0.42727665084160554,0,2439-LYPMQ
0.42727665084160554,0,7924-GJZFI
0.42727665084160554,0,0823-HSCDJ
0.42727665084160554,0,4826-TZEVA
0.42727665084160554,0,5151-HQRDG
0.42727665084160554,0,6734-GMPVK
0.42727665084160554,0,3951-NJCVI
0.42727665084160554,0,0733-VUNUW
0.06865828092243187,0,3571-DPYUH
0.06865828092243187,0,9824-QCJPK
0.06865828092243187,0,7876-DNYAP
0.42727665084160554,0,3890-RTCMS
0.42727665084160554,0,7594-RQHXR
0.06865828092243187,0,3229-USWAR
0.06865828092243187,0,5995-LFTLE
0.42727665084160554,0,1456-TWCGB
0.42727665084160554,0,1552-TKMXS
0.42727665084160554,0,3276-HDUEG
0.42727665084160554,0,0302-JOIVN
0.06865828092243187,0,2830-LEWOA
0.42727665084160554,0,5649-TJHOV
0.42727665084160554,0,5886-VLQVU
0.06865828092243187,0,1395-WSWXR
0.42727665084160554,0,6518-LGAOV
0.42727665084160554,0,4514-GFCFI
0.42727665084160554,0,1635-FJFCC
0.42727665084160554,0,7611-YKYTC
0.06865828092243187,0,5829-NVSQN
0.06865828092243187,0,0394-YONDK
0.42727665084160554,0,0991-BRRFB
0.06865828092243187,0,5980-BDHPY
0.06865828092243187,0,8249-THVEC
0.06865828092243187,0,5039-LZRQT
0.42727665084160554,0,9115-YQHGA
0.06865828092243187,0,8174-LNWMW
0.06865828092243187,0,5038-ETMLM
0.06865828092243187,0,6815-ABQFQ
0.42727665084160554,0,8086-OVPWV
0.06865828092243187,0,5451-MHQOF
0.42727665084160554,0,1991-VOPLL
0.06865828092243187,0,6725-TPKJO
0.06865828092243187,0,8879-ZKJOF
0.06865828092243187,0,3597-YASZG
0.06865828092243187,0,2969-WGHQO
0.42727665084160554,0,8006-PYCSW
0.42727665084160554,0,3347-YJZZE
0.06865828092243187,0,1696-MZVAU
0.42727665084160554,0,5931-FLJJF
0.42727665084160554,0,3440-JPSCL
0.06865828092243187,0,7923-IYJWY
0.42727665084160554,0,8718-PTMEZ
0.42727665084160554,0,0067-DKWBL
0.06865828092243187,0,6625-IUTTT
0.42727665084160554,0,8637-XJIVR
0.06865828092243187,0,2509-TFPJU
0.06865828092243187,0,0464-WJTKO
0.06865828092243187,0,8292-FRFZQ
0.42727665084160554,0,6844-DZKRF
0.42727665084160554,0,3249-ZPQRG
0.42727665084160554,0,7580-UGXNC
0.06865828092243187,0,3050-RLLXC
0.42727665084160554,0,0581-BXBUB
0.42727665084160554,0,8552-OBVRU
0.06865828092243187,0,2388-LAESQ
0.42727665084160554,0,4488-PSYCG
0.42727665084160554,0,9436-ZBZCT
0.42727665084160554,0,2074-GKOWZ
0.42727665084160554,0,9753-OYLBX
0.42727665084160554,0,3055-MJDSB
0.06865828092243187,0,5781-RFZRP
0.42727665084160554,0,9761-XUJWD
0.42727665084160554,0,0118-JPNOY
0.06865828092243187,0,8874-EJNSR
0.42727665084160554,0,2867-UIMSS
0.06865828092243187,0,9975-GPKZU
0.42727665084160554,0,6100-QQHEB
0.06865828092243187,0,2896-TBNBE
0.06865828092243187,0,7359-WWYJV
0.42727665084160554,0,6646-JPPHA
0.42727665084160554,0,5550-VFRLC
0.42727665084160554,0,2202-CUYXZ
0.42727665084160554,0,8035-PWSEV
0.42727665084160554,0,3703-KBKZP
0.42727665084160554,0,5599-HVLTW
0.42727665084160554,0,5382-TEMLV
0.06865828092243187,0,6339-TBELP
0.42727665084160554,0,7207-RMRDB
0.06865828092243187,0,2469-DTSGX
0.06865828092243187,0,3704-IEAXF
0.06865828092243187,0,6368-TZZDT
0.06865828092243187,0,7129-AZJDE
0.06865828092243187,0,6407-GSJNL
0.06865828092243187,0,9150-HEPMB
0.06865828092243187,0,1506-YJTYT
0.06865828092243187,0,7134-HBPBS
0.06865828092243187,0,3635-QQRQD
0.42727665084160554,0,6549-NNDYT
0.42727665084160554,0,9796-BPKIW
0.42727665084160554,0,8069-YQQAJ
0.42727665084160554,0,8242-SOQUO
0.06865828092243187,0,3308-DGHKL
0.42727665084160554,0,8740-CRYFY
0.06865828092243187,0,8109-YUOHE
0.42727665084160554,0,3976-NLDEZ
0.06865828092243187,0,6248-BSHKG
0.06865828092243187,0,3970-XGJDU
0.42727665084160554,0,0634-SZPQA
0.06865828092243187,0,2589-AYCRP
0.06865828092243187,0,3800-LYTRK
0.06865828092243187,0,6563-VRERX
0.06865828092243187,0,9938-ZREHM
0.42727665084160554,0,2220-IAHLS
0.06865828092243187,0,8979-CAMGB
0.06865828092243187,0,0270-THENM
0.42727665084160554,0,9611-CTWIH
0.42727665084160554,0,8885-QSQBX
0.06865828092243187,0,9030-QGZNL
0.42727665084160554,0,2810-FTLEM
0.42727665084160554,0,6350-XFYGW
0.06865828092243187,0,6993-YGFJV
0.06865828092243187,0,4097-YODCF
0.42727665084160554,0,0376-OIWME
0.42727665084160554,0,5022-JNQEQ
0.42727665084160554,0,5515-AKOAJ
0.42727665084160554,0,6956-SMUCM
0.42727665084160554,0,5103-MHMHY
0.06865828092243187,0,9391-DXGGG
0.06865828092243187,0,7519-JTWQH
0.42727665084160554,0,6131-FOYAS
0.42727665084160554,0,9681-OXGVC
0.42727665084160554,0,1977-STDKI
0.42727665084160554,0,7302-ZHMHP
0.42727665084160554,0,0661-XEYAN
0.06865828092243187,0,6007-TCTST
0.06865828092243187,0,1682-VCOIO
0.42727665084160554,0,2454-RPBRZ
0.42727665084160554,0,8710-YGLWG
0.06865828092243187,0,0742-LAFQK
0.06865828092243187,0,7064-JHXCE
0.42727665084160554,0,8242-JSVBO
0.42727665084160554,0,1471-GIQKQ
0.06865828092243187,0,6778-EICRF
0.06865828092243187,0,1360-XFJMR
0.06865828092243187,0,5702-KVQRD
0.06865828092243187,0,7602-MVRMB
0.42727665084160554,0,0236-HFWSV
0.42727665084160554,0,0880-FVFWF
0.06865828092243187,0,9052-DHNKM
0.06865828092243187,0,6121-TNHBO
0.42727665084160554,0,4693-VWVBO
0.42727665084160554,0,1565-RHDJD
0.42727665084160554,0,0696-UKTOX
0.42727665084160554,0,8267-KFGYD
0.06865828092243187,0,2632-TACXW
0.42727665084160554,0,1744-JHKYS
0.42727665084160554,0,0578-SKVMF
0.42727665084160554,0,0670-KDOMA
0.42727665084160554,0,8065-BVEPF
0.06865828092243187,0,3301-VKTGC
0.42727665084160554,0,7660-HDPJV
0.42727665084160554,0,2843-CQMEG
0.06865828092243187,0,6870-ZWMNX
0.06865828092243187,0,1403-LKLIK
0.42727665084160554,0,2446-BEGGB
0.06865828092243187,0,6164-HAQTX
0.42727665084160554,0,3387-VATUS
0.06865828092243187,0,3407-JMJQQ
0.06865828092243187,0,3580-HYCSP
0.42727665084160554,0,5453-AXEPF
0.42727665084160554,0,4132-KALRO
0.42727665084160554,0,6506-EYCNH
0.42727665084160554,0,6400-BWQKW
0.06865828092243187,0,6916-HIJSE
0.42727665084160554,0,5186-PEIZU
0.06865828092243187,0,6048-NJXHX
0.06865828092243187,0,6134-KWTBV
0.06865828092243187,0,6289-CPNLD
0.42727665084160554,0,5312-UXESG
0.42727665084160554,0,2514-GINMM
0.06865828092243187,0,2580-ASVVY
0.06865828092243187,0,6416-JNVRK
0.06865828092243187,0,3739-YBWAB
0.42727665084160554,0,6917-YACBP
0.42727665084160554,0,8614-VGMMV
0.06865828092243187,0,5181-OABFK
0.06865828092243187,0,2977-CEBSX
0.42727665084160554,0,1624-NALOJ
0.06865828092243187,0,5495-GPSRW
0.06865828092243187,0,6303-KFWSL
0.42727665084160554,0,5624-BQSSA
0.06865828092243187,0,6681-ZSEXG
0.42727665084160554,0,9185-TQCVP
0.06865828092243187,0,8272-ONJLV
0.42727665084160554,0,3398-ZOUAA
0.06865828092243187,0,9140-CZQZZ
0.06865828092243187,0,6418-PIQSP
0.42727665084160554,0,9637-EIHEQ
0.06865828092243187,0,9953-ZMKSM
0.06865828092243187,0,9830-ECLEN
0.42727665084160554,0,9058-CBREO
0.06865828092243187,0,5321-NTRKC
0.06865828092243187,0,4654-DLAMQ
0.42727665084160554,0,4673-KKSLS
0.42727665084160554,0,1031-IIDEO
0.06865828092243187,0,3512-IZIKN
0.42727665084160554,0,4439-JMPMT
0.42727665084160554,0,0027-KWYKW
0.06865828092243187,0,4291-YZODP
0.42727665084160554,0,0212-ISBBF
0.42727665084160554,0,3014-WJKSM
0.42727665084160554,0,0411-EZJZE
0.06865828092243187,0,6698-OXETB
0.06865828092243187,0,0193-ESZXP
0.06865828092243187,0,6202-JVYEU
0.42727665084160554,0,1848-LBZHY
0.42727665084160554,0,8161-QYMTT
0.06865828092243187,0,0454-OKRCT
0.06865828092243187,0,1215-EXRMO
0.06865828092243187,0,0931-MHTEM
0.06865828092243187,0,5985-BEHZK
0.42727665084160554,0,9921-EZKBY
0.06865828092243187,0,4878-BUNFV
0.42727665084160554,0,4811-JBUVU
0.42727665084160554,0,5673-FSSMF
0.42727665084160554,0,4301-VVZKA
0.42727665084160554,0,4828-FAZPK
0.06865828092243187,0,6000-UKLWI
0.42727665084160554,0,7395-XWZOY
0.42727665084160554,0,6380-ARCEH
0.06865828092243187,0,3729-OWRVL
0.42727665084160554,0,2856-HYAPG
0.06865828092243187,0,7856-GANIL
0.42727665084160554,0,4459-BBGHE
0.06865828092243187,0,9661-JALZV
0.06865828092243187,0,7753-USQYQ
0.06865828092243187,0,1015-JPFYW
0.06865828092243187,0,7665-NKLAV
0.42727665084160554,0,9053-EJUNL
0.06865828092243187,0,5117-ZSMHQ
0.42727665084160554,0,0117-LFRMW
0.42727665084160554,0,9389-ACWBI
0.06865828092243187,0,6946-LMSQS
0.42727665084160554,0,1725-MIMXW
0.06865828092243187,0,3996-ZNWYK
0.42727665084160554,0,0899-WZRSD
0.42727665084160554,0,8815-LMFLX
0.42727665084160554,0,0699-NDKJM
0.42727665084160554,0,2424-WVHPL
0.06865828092243187,0,6797-LNAQX
0.42727665084160554,0,2043-WVTQJ
0.06865828092243187,0,4057-FKCZK
0.06865828092243187,0,8512-WIWYV
0.06865828092243187,0,5135-GRQJV
0.42727665084160554,0,5597-GLBUC
0.06865828092243187,0,7997-EASSD
0.06865828092243187,0,4785-FCIFB
0.06865828092243187,0,1755-FZQEC
0.42727665084160554,0,5364-XYIRR
0.06865828092243187,0,7572-KPVKK
0.06865828092243187,0,5115-SQAAU
0.42727665084160554,0,6147-CBCRA
0.06865828092243187,0,3692-JHONH
0.06865828092243187,0,1088-CNNKB
0.06865828092243187,0,3810-DVDQQ
0.42727665084160554,0,7831-QGOXH
0.06865828092243187,0,3474-BAFSJ
0.42727665084160554,0,3842-IYKUE
0.42727665084160554,0,8519-QJGJD
0.42727665084160554,0,9747-DDZOS
0.06865828092243187,0,4106-HADHQ
0.06865828092243187,0,0017-IUDMW
0.42727665084160554,0,4763-PGDPO
0.42727665084160554,0,8751-EDEKA
0.06865828092243187,0,3104-OWCGK
0.42727665084160554,0,3148-BLQJT
0.42727665084160554,0,2815-CPTUL
0.42727665084160554,0,5073-WXOYN
0.42727665084160554,0,4760-THGOT
0.06865828092243187,0,2724-FJDYW
0.06865828092243187,0,7639-OPLNG
0.06865828092243187,0,3298-QEICA
0.42727665084160554,0,9362-MWODR
0.06865828092243187,0,7446-SFAOA
0.06865828092243187,0,4737-AQCPU
0.06865828092243187,0,9522-ZSINC
0.06865828092243187,0,3745-HRPHI
0.42727665084160554,0,2669-QVCRG
0.06865828092243187,0,0980-FEXWF
0.06865828092243187,0,6701-YVNQG
0.06865828092243187,0,1177-XZBJL
0.06865828092243187,0,7771-CFQRQ
0.06865828092243187,0,2252-JHJGE
0.06865828092243187,0,0661-KBKPA
0.42727665084160554,0,8851-RAGOV
0.42727665084160554,0,6979-TNDEU
0.06865828092243187,0,2072-ZVJJX
0.42727665084160554,0,1222-KJNZD
0.06865828092243187,0,9372-TXXPS
0.06865828092243187,0,5982-PSMKW
0.42727665084160554,0,2495-KZNFB
0.42727665084160554,0,0207-MDKNV
0.42727665084160554,0,1346-PJWTK
0.06865828092243187,0,3758-CKOQL
0.42727665084160554,0,6959-GQEGV
0.42727665084160554,0,2604-IJPDU
0.06865828092243187,0,6174-NRBTZ
0.06865828092243187,0,6323-AYBRX
0.06865828092243187,0,0048-PIHNL
0.42727665084160554,0,7811-JIVPF
0.42727665084160554,0,7729-JTEEC
0.06865828092243187,0,5846-ABOBJ
0.42727665084160554,0,9221-OTIVJ
0.06865828092243187,0,2889-FPWRM
0.06865828092243187,0,7945-HLKEA
0.42727665084160554,0,9367-TCUYN
0.06865828092243187,0,2277-BKJKN
0.06865828092243187,0,7633-MVPUY
0.42727665084160554,0,4315-MURBD
0.42727665084160554,0,0734-OXWBT
0.42727665084160554,0,8714-EUHJO
0.42727665084160554,0,0818-OCPZO
0.42727665084160554,0,0021-IKXGC
0.06865828092243187,0,8383-SGHJU
0.42727665084160554,0,6347-DCUIK
0.42727665084160554,0,1976-CFOCS
0.42727665084160554,0,4854-CIDCF
0.06865828092243187,0,9127-QRZMH
0.42727665084160554,0,1196-AMORA
0.42727665084160554,0,6713-OKOMC
0.42727665084160554,0,9820-RMCQV
0.06865828092243187,0,5902-WBLSE
0.42727665084160554,0,7563-BIUPC
0.42727665084160554,0,7683-CBDKJ
0.06865828092243187,0,6522-OIQSX
0.42727665084160554,0,0388-EOPEX
0.06865828092243187,0,7921-BEPCI
0.06865828092243187,0,8859-DZTGQ
0.42727665084160554,0,3683-QKIUE
0.06865828092243187,0,2144-ESWKO
0.06865828092243187,0,5057-RKGLH
0.42727665084160554,0,2692-PFYTJ
0.06865828092243187,0,3021-VLNRJ
0.42727665084160554,0,1045-LTCYT
0.06865828092243187,0,7401-JIXNM
0.42727665084160554,0,2657-VPXTA
0.42727665084160554,0,5022-KVDQT
0.42727665084160554,0,2305-MRGLV
0.06865828092243187,0,3865-YIOTT
0.42727665084160554,0,9577-WJVCQ
0.42727665084160554,0,3847-BAERP
0.06865828092243187,0,4032-RMHCI
0.42727665084160554,0,7658-UYUQS
0.42727665084160554,0,9274-UARKJ
0.06865828092243187,0,0847-HGRML
0.42727665084160554,0,6078-VESFR
0.42727665084160554,0,4223-WOZCM
0.06865828092243187,0,0942-KOWSM
0.06865828092243187,0,7789-HKSBS
0.06865828092243187,0,9432-RUVSL
0.42727665084160554,0,3644-QXEHN
0.06865828092243187,0,4683-WYDOU
0.42727665084160554,0,0925-VYDLG
0.42727665084160554,0,2960-NKRSO
0.06865828092243187,0,2639-UGMAZ
0.06865828092243187,0,2898-LSJGD
0.42727665084160554,0,2884-GBPFB
0.42727665084160554,0,4659-NZRUF
0.42727665084160554,0,0867-LDTTC
0.06865828092243187,0,7781-EWARA
0.42727665084160554,0,4822-RVYBB
0.06865828092243187,0,9800-OUIGR
0.06865828092243187,0,3533-UVMOM
0.42727665084160554,0,8457-XIGKN
0.06865828092243187,0,2990-OGYTD
0.06865828092243187,0,5203-XEHAX
0.06865828092243187,0,8295-KMENE
0.42727665084160554,0,8720-RQSBJ
0.42727665084160554,0,9799-CAYJJ
0.42727665084160554,0,3717-OFRTN
0.42727665084160554,0,2868-MZAGQ
0.06865828092243187,0,8606-OEGQZ
0.06865828092243187,0,9065-ZCPQX
0.42727665084160554,0,4587-NUKOX
0.06865828092243187,0,8985-OOPOS
0.42727665084160554,0,7636-OWBPG
0.06865828092243187,0,5825-XJOCM
0.42727665084160554,0,4183-WCSEP
0.06865828092243187,0,5275-PMFUT
0.42727665084160554,0,1751-NCDLI
0.06865828092243187,0,6693-DJWTY
0.42727665084160554,0,4002-BQWPQ
0.42727665084160554,0,6954-OOYZZ
0.42727665084160554,0,9039-RBEEE
0.06865828092243187,0,5170-PTRKA
0.42727665084160554,0,7346-MEDWM
0.42727665084160554,0,5233-GEEAX
0.06865828092243187,0,3511-APPBJ
0.42727665084160554,0,7143-BQIBA
0.06865828092243187,0,2967-MXRAV
0.06865828092243187,0,7473-ZBDSN
0.42727665084160554,0,0265-EDXBD
0.42727665084160554,0,1386-ZIKUV
0.42727665084160554,0,0420-BWTPW
0.42727665084160554,0,1009-IRMNA
0.06865828092243187,0,3938-YFPXD
0.06865828092243187,0,3727-OWVYD
0.42727665084160554,0,5937-EORGB
0.42727665084160554,0,2791-SFVEW
0.42727665084160554,0,0980-PVMRC
0.06865828092243187,0,3648-GZPHF
0.06865828092243187,0,9677-AVKED
0.06865828092243187,0,1576-PFZIW
0.42727665084160554,0,9462-MJUAW
0.42727665084160554,0,7511-YMXVQ
0.42727665084160554,0,7128-GGCNO
0.06865828092243187,0,7492-TAFJD
0.06865828092243187,0,8901-UPRHR
0.06865828092243187,0,5044-XDPYX
0.42727665084160554,0,1010-DIAUQ
0.42727665084160554,0,2691-NZETQ
0.42727665084160554,0,7586-ZATGZ
0.42727665084160554,0,1810-MVMAI
0.42727665084160554,0,7296-PIXQY
0.42727665084160554,0,9985-MWVIX
0.42727665084160554,0,7028-DVOIQ
0.06865828092243187,0,0420-TXVSG
0.06865828092243187,0,6953-PBDIN
0.06865828092243187,0,1090-ESELR
0.42727665084160554,0,8903-XEBGX
0.06865828092243187,0,9541-PWTWO
0.06865828092243187,0,1099-BTKWT
0.42727665084160554,0,8807-ARQET
0.42727665084160554,0,0673-IGUQO
0.42727665084160554,0,0709-TVGUR
0.42727665084160554,0,9269-CQOOL
0.42727665084160554,0,7798-JVXYM
0.06865828092243187,0,7524-VRLPL
0.06865828092243187,0,8752-IMQOS
0.06865828092243187,0,0048-LUMLS
0.42727665084160554,0,6410-LEFEN
0.06865828092243187,0,5149-TGWDZ
0.06865828092243187,0,5514-YQENT
0.42727665084160554,0,3063-QFSZL
0.06865828092243187,0,4458-KVRBJ
0.06865828092243187,0,6631-HMANX
0.06865828092243187,0,3069-SSVSN
0.06865828092243187,0,4366-CTOUZ
0.06865828092243187,0,4685-ERGHK
0.06865828092243187,0,5756-OZRIO
0.42727665084160554,0,3845-JHAMY
0.42727665084160554,0,5935-FCCNB
0.06865828092243187,0,3468-DRVQJ
0.42727665084160554,0,3583-KRKMD
0.06865828092243187,0,2419-FSORS
0.06865828092243187,0,1357-BIJKI
0.42727665084160554,0,4480-QQRHC
0.42727665084160554,0,1589-AGTLK
0.42727665084160554,0,9631-XEYKE
0.42727665084160554,0,7503-ZGUZJ
0.06865828092243187,0,3452-FLHYD
0.42727665084160554,0,5219-YIPTK
0.42727665084160554,0,5951-AOFIH
0.06865828092243187,0,3774-VBNXY
0.06865828092243187,0,8348-JLBUG
0.42727665084160554,0,0396-YCHWO
0.42727665084160554,0,5419-JKZNQ
0.42727665084160554,0,8808-ELEHO
0.06865828092243187,0,4950-HKQTE
0.06865828092243187,0,6933-FHBZC
0.42727665084160554,0,3165-HDOEW
0.42727665084160554,0,9097-ZUBYC
0.42727665084160554,0,1482-OXZSY
0.06865828092243187,0,8946-BFWSG
0.42727665084160554,0,4256-ZWTZI
0.06865828092243187,0,4393-OBCRR
0.06865828092243187,0,0074-HDKDG
0.42727665084160554,0,0468-YRPXN
0.42727665084160554,0,7010-ZMVBF
0.42727665084160554,0,5835-BEQEU
0.06865828092243187,0,9755-JHNMN
0.06865828092243187,0,8084-OIVBS
0.42727665084160554,0,4039-HEUNW
0.42727665084160554,0,3446-QDSZF
0.42727665084160554,0,9873-MNDKV
0.06865828092243187,0,6341-JVQGF
0.06865828092243187,0,8859-YSTWS
0.42727665084160554,0,1777-JYQPJ
0.42727665084160554,0,2688-BHGOG
0.06865828092243187,0,7032-LMBHI
0.42727665084160554,0,6005-OBZPH
0.06865828092243187,0,8311-UEUAB
0.42727665084160554,0,4959-JOSRX
0.42727665084160554,0,4927-WWOOZ
0.42727665084160554,0,5334-JLAXU
0.06865828092243187,0,6322-PJJDJ
0.06865828092243187,0,2682-KEVRP
0.42727665084160554,0,6905-NIQIN
0.06865828092243187,0,6685-XSHHU
0.06865828092243187,0,6993-YCOBK
0.06865828092243187,0,3887-PBQAO
0.06865828092243187,0,4697-LUPSU
0.42727665084160554,0,9465-RWMXL
0.42727665084160554,0,3981-QSVQI
0.06865828092243187,0,4451-RWASJ
0.06865828092243187,0,2256-YLYLP
0.42727665084160554,0,9701-CDXHR
0.06865828092243187,0,6664-FPDAC
0.42727665084160554,0,5351-QESIO
0.42727665084160554,0,3258-SANFR
0.42727665084160554,0,2968-SSGAA
0.42727665084160554,0,1421-HCERK
0.42727665084160554,0,7534-BFESC
0.42727665084160554,0,1357-MVDOZ
0.06865828092243187,0,9548-LERKT
0.42727665084160554,0,5244-IRFIH
0.42727665084160554,0,7982-VCELR
0.06865828092243187,0,5727-MYATE
0.42727665084160554,0,7401-RUBNK
0.42727665084160554,0,3999-QGRJH
0.42727665084160554,0,1853-UDXBW
0.42727665084160554,0,7434-SHXLS
0.42727665084160554,0,5934-RMPOV
0.42727665084160554,0,1488-SYSFC
0.42727665084160554,0,8065-YKXKD
0.06865828092243187,0,5442-PPTJY
0.42727665084160554,0,4236-UJPWO
0.06865828092243187,0,5245-VDBUR
0.06865828092243187,0,9796-MVYXX
0.06865828092243187,0,9507-HSMMZ
0.06865828092243187,0,5566-SOEZD
0.06865828092243187,0,1498-NHTLT
0.42727665084160554,0,9214-EKVXR
0.42727665084160554,0,1895-QTKDO
0.42727665084160554,0,6519-CFDBX
0.42727665084160554,0,0354-WYROK
0.06865828092243187,0,1837-YQUCE
0.06865828092243187,0,4750-UKWJK
0.42727665084160554,0,7766-CLTIC
0.06865828092243187,0,9675-ICXCT
0.06865828092243187,0,2996-XAUVF
0.06865828092243187,0,0906-QVPMS
0.42727665084160554,0,7521-YXVZY
0.06865828092243187,0,7134-MJPDY
0.42727665084160554,0,6075-QMNRR
0.06865828092243187,0,0308-GIQJT
0.42727665084160554,0,4290-BSXUX
0.06865828092243187,0,4851-BQDNX
0.42727665084160554,0,7148-XZPHA
0.42727665084160554,0,8042-JVNFH
0.06865828092243187,0,8237-ULIXL
0.42727665084160554,0,9092-GDZKO
0.42727665084160554,0,6734-CKRSM
0.42727665084160554,0,5919-VCZYM
0.42727665084160554,0,4026-SKKHW
0.42727665084160554,0,3398-FSHON
0.42727665084160554,0,7459-IMVYU
0.42727665084160554,0,5921-NGYRH
0.06865828092243187,0,8679-LZBMD
0.06865828092243187,0,9229-RQABD
0.42727665084160554,0,9514-JDSKI
0.06865828092243187,0,7838-LAZFO
0.42727665084160554,0,6715-OFDBP
0.42727665084160554,0,7895-VONWT
0.42727665084160554,0,6328-ZPBGN
0.42727665084160554,0,4631-OACRM
0.06865828092243187,0,8573-JGCZW
0.42727665084160554,0,5402-HTOTQ
0.06865828092243187,0,4962-CHQPW
0.42727665084160554,0,0851-DFJKB
0.42727665084160554,0,5478-JJVZK
0.06865828092243187,0,7470-DYNOE
0.42727665084160554,0,4139-JPIAM
0.42727665084160554,0,9396-ZSFLL
0.06865828092243187,0,8630-QSGXK
0.06865828092243187,0,2400-XIWIO
0.06865828092243187,0,9650-VBUOG
0.06865828092243187,0,3810-PJUHR
0.42727665084160554,0,5956-YHHRX
0.42727665084160554,0,8622-ZLFKO
0.06865828092243187,0,9531-NSBMR
0.42727665084160554,0,9903-LYSAB
0.42727665084160554,0,2812-SFXMJ
0.42727665084160554,0,8778-LMWTJ
0.06865828092243187,0,2673-CXQEU
0.42727665084160554,0,6036-TTFYU
0.42727665084160554,0,2096-XOTMO
0.42727665084160554,0,7905-NJMXS
0.42727665084160554,0,6141-OOXUQ
0.06865828092243187,0,1093-YSWCA
0.42727665084160554,0,4732-RRJZC
0.06865828092243187,0,4942-VZZOM
0.06865828092243187,0,0750-EBAIU
0.42727665084160554,0,4902-OHLSK
0.06865828092243187,0,6885-PKOAM
0.06865828092243187,0,7941-RCJOW
0.42727665084160554,0,9158-VCTQB
0.42727665084160554,0,9866-QEVEE
0.06865828092243187,0,3946-JEWRQ
0.42727665084160554,0,4628-CTTLA
0.42727665084160554,0,4912-PIGUY
0.06865828092243187,0,8465-SBRXP
0.06865828092243187,0,3913-FCUUW
0.06865828092243187,0,9170-ARBTB
0.42727665084160554,0,1400-MMYXY
0.42727665084160554,0,4727-MCYZG
0.42727665084160554,0,0376-YMCJC
0.42727665084160554,0,9057-SIHCH
0.42727665084160554,0,2038-LLMLM
0.06865828092243187,0,1930-QPBVZ
0.06865828092243187,0,6048-UWKAL
0.42727665084160554,0,1184-PJVDB
0.06865828092243187,0,6650-BWFRT
0.42727665084160554,0,7721-DVEKZ
0.06865828092243187,0,8191-XWSZG
0.42727665084160554,0,5619-PTMIK
0.42727665084160554,0,8158-WPEZG
0.42727665084160554,0,9974-JFBHQ
0.42727665084160554,0,0870-VEMYL
0.06865828092243187,0,7399-QHBJS
0.06865828092243187,0,3654-ARMGP
0.06865828092243187,0,1468-DEFNC
0.42727665084160554,0,6818-WOBHJ
0.06865828092243187,0,5546-QUERU
0.06865828092243187,0,7717-BICXI
0.06865828092243187,0,4836-WNFNO
0.06865828092243187,0,5820-PTRYM
0.42727665084160554,0,1963-SVUCV
0.42727665084160554,0,4817-VYYWS
0.42727665084160554,0,4939-KYYPY
0.06865828092243187,0,9135-MGVPY
0.06865828092243187,0,2282-YGNOR
0.42727665084160554,0,8292-TYSPY
0.42727665084160554,0,7548-SEPYI
0.42727665084160554,0,8992-JQYUN
0.06865828092243187,0,6270-OMFIW
0.06865828092243187,0,6427-FEFIG
0.42727665084160554,0,8938-UMKPI
0.06865828092243187,0,0617-AQNWT
0.42727665084160554,0,0191-ZHSKZ
0.42727665084160554,0,6513-EECDB
0.42727665084160554,0,9734-YWGEX
0.42727665084160554,0,3269-ATYWD
0.06865828092243187,0,8089-UZWLX
0.06865828092243187,0,1494-EJZDW
0.42727665084160554,0,4706-DGAHW
0.42727665084160554,0,5669-SRAIP
0.42727665084160554,0,1902-XBTFB
0.42727665084160554,0,7321-PKUYW
0.42727665084160554,0,1394-SUIUH
0.42727665084160554,0,0531-ZZJWQ
0.06865828092243187,0,7067-KSAZT
0.06865828092243187,0,5172-RKOCB
0.06865828092243187,0,9847-HNVGP
0.42727665084160554,0,2180-DXNEG
0.42727665084160554,0,5133-POWUA
0.42727665084160554,0,5995-SNNEW
0.06865828092243187,0,7225-IILWY
0.42727665084160554,0,6817-WTYHE
0.42727665084160554,0,0239-OXEXL
0.42727665084160554,0,4395-PZMSN
0.42727665084160554,0,7845-URHJN
0.42727665084160554,0,4724-WXVWF
0.06865828092243187,0,3026-ATZYV
0.42727665084160554,0,6581-NQCBA
0.42727665084160554,0,5515-RUGKN
0.42727665084160554,0,5628-RKIFK
0.06865828092243187,0,2812-ENYMO
0.42727665084160554,0,9027-YFHQJ
0.06865828092243187,0,9225-BZLNZ
0.06865828092243187,0,3166-PNEOF
0.42727665084160554,0,8096-LOIST
0.42727665084160554,0,5606-AMZBO
0.06865828092243187,0,1442-OKRJE
0.42727665084160554,0,6689-TCZHQ
0.06865828092243187,0,7167-PCEYD
0.42727665084160554,0,3780-DDGSE
0.06865828092243187,0,2664-XJZNO
0.06865828092243187,0,8766-PAFNE
0.42727665084160554,0,5813-UECBU
0.42727665084160554,0,7252-NTGSS
0.42727665084160554,0,6015-VVHHE
0.06865828092243187,0,7103-ZGVNT
0.06865828092243187,0,1676-MQAOA
0.06865828092243187,0,9411-TPQQV
0.42727665084160554,0,4529-CKBCL
0.42727665084160554,0,1697-BCSHV
0.42727665084160554,0,4662-EKDPQ
0.42727665084160554,0,1855-CFULU
0.42727665084160554,0,3914-FDRHP
0.06865828092243187,0,5003-OKNNK
0.42727665084160554,0,3908-BLSYF
0.42727665084160554,0,2786-GCDPI
0.42727665084160554,0,7295-JOMMD
0.42727665084160554,0,9603-OAIHC
0.06865828092243187,0,2834-JKOOW
0.42727665084160554,0,8780-IXSTS
0.06865828092243187,0,4530-NDRKU
0.42727665084160554,0,1866-RZZQS
0.42727665084160554,0,3097-NQYSN
0.06865828092243187,0,0556-FJEGU
0.42727665084160554,0,7396-VJUZB
0.06865828092243187,0,1265-ZFOSD
0.42727665084160554,0,8548-AWOFC
0.42727665084160554,0,8663-UPDGF
0.42727665084160554,0,0940-OUQEC
0.06865828092243187,0,4716-MRVEN
0.42727665084160554,0,7989-AWGEH
0.42727665084160554,0,9728-FTTVZ
0.06865828092243187,0,1623-NLDOT
0.06865828092243187,0,9845-PEEKO
0.42727665084160554,0,8455-HIRAQ
0.42727665084160554,0,5919-TMRGD
0.06865828092243187,0,5318-YKDPV
0.06865828092243187,0,4475-NVTLU
0.42727665084160554,0,1112-CUNAO
0.06865828092243187,0,3266-FTKHB
0.42727665084160554,0,4208-UFFGW
0.42727665084160554,0,1766-GKNMI
0.06865828092243187,0,0206-TBWLC
0.42727665084160554,0,1098-TDVUQ
0.42727665084160554,0,3524-WQDSG
0.06865828092243187,0,6855-VLGOS
0.06865828092243187,0,7609-NRNCA
0.42727665084160554,0,6686-YPGHK
0.06865828092243187,0,1360-JYXKQ
0.42727665084160554,0,6198-ZFIOJ
0.42727665084160554,0,6108-OQZDQ
0.42727665084160554,0,4521-YEEHE
0.42727665084160554,0,8972-HJWNV
0.06865828092243187,0,4115-BNPJY
0.42727665084160554,0,4013-GUXND
0.42727665084160554,0,2257-BOVXD
0.42727665084160554,0,9881-VCZEP
0.06865828092243187,0,0485-ZBSLN
0.42727665084160554,0,4770-UEZOX
0.42727665084160554,0,3209-ZPKFI
0.42727665084160554,0,7168-HDQHG
0.06865828092243187,0,6308-CQRBU
0.42727665084160554,0,8878-HMWBV
0.42727665084160554,0,0082-LDZUE
0.42727665084160554,0,9142-KZXOP
0.42727665084160554,0,7905-TVXTA
0.42727665084160554,0,1016-DJTSV
0.06865828092243187,0,1866-DIOQZ
0.42727665084160554,0,0259-GBZSH
0.42727665084160554,0,5977-CKHON
0.42727665084160554,0,2270-CHBFN
0.42727665084160554,0,9878-TNQGW
0.42727665084160554,0,0953-LGOVU
0.06865828092243187,0,6994-FGRHH
0.42727665084160554,0,3658-KIBGF
0.42727665084160554,0,2674-MLXMN
0.06865828092243187,0,0218-QNVAS
0.06865828092243187,0,9392-XBGTD
0.42727665084160554,0,9638-JIQYA
0.06865828092243187,0,0895-LNKRC
0.06865828092243187,0,0013-SMEOE
0.42727665084160554,0,1571-SAVHK
0.42727665084160554,0,7180-PISOG
0.06865828092243187,0,9360-AHGNL
0.06865828092243187,0,1154-HYWWO
0.42727665084160554,0,8544-GOQSH
0.06865828092243187,0,5089-IFSDP
0.06865828092243187,0,6928-ONTRW
0.42727665084160554,0,8887-IPQNC
0.42727665084160554,0,0947-IDHRQ
0.06865828092243187,0,7566-DSRLQ
0.06865828092243187,0,7188-CBBBA
0.42727665084160554,0,8580-AECUZ
0.42727665084160554,0,0585-EGDDA
0.06865828092243187,0,5296-PSYVW
0.42727665084160554,0,0135-NMXAP
0.42727665084160554,0,6710-HSJRD
0.06865828092243187,0,1729-VLAZJ
0.42727665084160554,0,7812-FZHPE
0.42727665084160554,0,5876-HZVZM
0.42727665084160554,0,5131-PONJI
0.06865828092243187,0,5726-CVNYA
0.42727665084160554,0,5863-OOKCL
0.42727665084160554,0,2982-IHMFT
0.42727665084160554,0,0595-ITUDF
0.42727665084160554,0,3957-LXOLK
0.42727665084160554,0,7668-XCFYV
0.42727665084160554,0,7593-JNWRU
0.42727665084160554,0,1396-QWFBJ
0.42727665084160554,0,3132-TVFDZ
0.06865828092243187,0,1839-FBNFR
0.42727665084160554,0,8705-WZCYL
0.06865828092243187,0,6963-EZQEE
0.06865828092243187,0,1904-WAJAA
0.42727665084160554,0,3727-JEZTU
0.06865828092243187,0,1187-WILMM
0.06865828092243187,0,1229-RCALF
0.06865828092243187,0,1270-XKUCC
0.06865828092243187,0,9236-NDUCW
0.42727665084160554,0,4465-VDKIQ
0.42727665084160554,0,8008-HAWED
0.42727665084160554,0,7450-NWRTR
0.06865828092243187,0,6732-VAILE
0.06865828092243187,0,5575-GNVDE
0.42727665084160554,0,9752-ZNQUT
0.06865828092243187,0,3454-JFUBC
0.42727665084160554,0,6407-UTSLV
0.42727665084160554,0,6656-JWRQX
0.06865828092243187,0,4999-IEZLT
0.06865828092243187,0,0907-HQNTS
0.42727665084160554,0,7590-VHVEG
0.06865828092243187,0,1060-ENTOF
0.06865828092243187,0,3457-PQBYH
0.06865828092243187,0,5619-XZZKR
0.42727665084160554,0,5555-RNPGT
0.06865828092243187,0,0780-XNZFN
0.42727665084160554,0,3374-LXDEV
0.42727665084160554,0,5133-VRSAB
0.06865828092243187,0,9388-ZEYVT
0.06865828092243187,0,9909-DFRJA
0.06865828092243187,0,8577-QSOCG
0.06865828092243187,0,2137-DQMEV
0.06865828092243187,0,4274-DRSQT
0.06865828092243187,0,2758-RNWXS
0.06865828092243187,0,5671-UUNXD
0.42727665084160554,0,0247-SLUJI
0.06865828092243187,0,9919-FZDED
0.06865828092243187,0,5840-NVDCG
0.06865828092243187,0,4521-WFJAI
0.42727665084160554,0,9860-LISIZ
0.42727665084160554,0,7734-DBOAI
0.06865828092243187,0,0057-QBUQH
0.42727665084160554,0,6298-QDFNH
0.06865828092243187,0,1757-TCATG
0.06865828092243187,0,6838-YAUVY
0.42727665084160554,0,2369-FEVNO
0.42727665084160554,0,1169-WCVAK
0.06865828092243187,0,8559-CIZFV
0.06865828092243187,0,9068-VPWQQ
0.42727665084160554,0,6543-XRMYR
0.06865828092243187,0,8722-PRFDV
0.42727665084160554,0,6233-HXJMX
0.06865828092243187,0,9668-PUGNU
0.42727665084160554,0,7074-IEVOJ
0.06865828092243187,0,3506-OVLKD
0.42727665084160554,0,3992-YWPKO
0.42727665084160554,0,3128-YOVTD
0.42727665084160554,0,7389-KBFIT
0.06865828092243187,0,4622-YNKIJ
0.06865828092243187,0,3778-FOAQW
0.06865828092243187,0,3146-JTQHR
0.42727665084160554,0,3945-GFWQL
0.42727665084160554,0,3987-KQDDU
0.42727665084160554,0,6243-OZGFH
0.42727665084160554,0,7817-BOQPW
0.42727665084160554,0,8388-FYNPZ
0.06865828092243187,0,4703-MQYKT
0.06865828092243187,0,3284-SVCRO
0.42727665084160554,0,8847-GEOOQ
0.06865828092243187,0,9581-GVBXT
0.42727665084160554,0,8350-NYMVI
0.42727665084160554,0,6352-TWCAU
0.42727665084160554,0,8044-BGWPI
0.42727665084160554,0,5834-ASPWA
0.42727665084160554,0,5884-GCYMI
0.42727665084160554,0,7909-FIOIY
0.06865828092243187,0,7055-JCGNI
0.42727665084160554,0,1658-XUHBX
0.42727665084160554,0,5590-BYNII
0.06865828092243187,0,6518-PPLMZ
0.42727665084160554,0,9824-BEMCV
0.06865828092243187,0,1813-JYWTO
0.06865828092243187,0,4350-ZTLPI
0.42727665084160554,0,9507-EXLTT
0.42727665084160554,0,5766-XQXMQ
0.06865828092243187,0,0106-UGRDO
0.42727665084160554,0,4257-GAESD
0.42727665084160554,0,6683-VLCTZ
0.42727665084160554,0,0970-ETWGE
0.42727665084160554,0,8679-JOEVF
0.42727665084160554,0,4883-QICIH
0.06865828092243187,0,7156-MXBJE
0.42727665084160554,0,7216-EWTRS
0.42727665084160554,0,3370-HXOPH
0.42727665084160554,0,8963-JLGJT
0.42727665084160554,0,1602-IJQQE
0.42727665084160554,0,3791-LGQCY
0.42727665084160554,0,4255-DDUOU
0.06865828092243187,0,3487-EARAT
0.42727665084160554,0,2903-YYTBW
0.42727665084160554,0,5688-KZTSN
0.42727665084160554,0,4282-YMKNA
0.42727665084160554,0,8942-DBMHZ
0.06865828092243187,0,8097-OMULG
0.42727665084160554,0,5701-ZIKJE
0.42727665084160554,0,3144-KMTWZ
0.06865828092243187,0,4808-YNLEU
0.42727665084160554,0,2232-DMLXU
0.42727665084160554,0,1934-SJVJK
0.06865828092243187,0,8197-BFWVU
0.06865828092243187,0,5126-RCXYW
0.42727665084160554,0,5996-DAOQL
0.42727665084160554,0,0030-FNXPP
0.42727665084160554,0,4510-PYUSH
0.42727665084160554,0,6322-HRPFA
0.42727665084160554,0,2057-ZBLPD
0.42727665084160554,0,8329-GWVPJ
0.42727665084160554,0,3845-FXCYS
0.42727665084160554,0,9497-QCMMS
0.06865828092243187,0,1080-BWSYE
0.42727665084160554,0,5519-NPHVG
0.06865828092243187,0,5063-IUOKK
0.06865828092243187,0,8450-LUGUK
0.42727665084160554,0,7613-LLQFO
0.42727665084160554,0,3158-MOERK
0.42727665084160554,0,0979-PHULV
0.06865828092243187,0,5680-LQOGP
0.42727665084160554,0,8620-RJPZN
0.42727665084160554,0,4390-KYULV
0.42727665084160554,0,1608-GMEWB
0.06865828092243187,0,3635-JBPSG
0.06865828092243187,0,5542-NKVRU
0.06865828092243187,0,7037-MTYVW
0.42727665084160554,0,9992-UJOEL
0.06865828092243187,0,2987-BJXIK
0.42727665084160554,0,0516-QREYC
0.42727665084160554,0,7693-LCKZL
0.06865828092243187,0,6486-LHTMA
0.42727665084160554,0,3419-SNJJD
0.06865828092243187,0,3967-VQOGC
0.42727665084160554,0,5348-CAGXB
0.42727665084160554,0,6625-UTXEW
0.06865828092243187,0,2667-WYLWJ
0.42727665084160554,0,9819-FBNSV
0.42727665084160554,0,0519-XUZJU
0.06865828092243187,0,9821-BESNZ
0.42727665084160554,0,4986-MXSFP
0.06865828092243187,0,0191-EQUUH
0.42727665084160554,0,4660-IRIBM
0.42727665084160554,0,8095-WANWK
0.42727665084160554,0,9501-UKKNL
0.42727665084160554,0,9688-YGXVR
0.42727665084160554,0,1612-EOHDH
0.42727665084160554,0,5730-RIITO
0.42727665084160554,0,0208-BPQEJ
0.06865828092243187,0,1241-FPMOF
0.06865828092243187,0,1984-FCOWB
0.42727665084160554,0,7041-TXQJH
0.06865828092243187,0,4853-RULSV
0.06865828092243187,0,7253-UVNDW
0.42727665084160554,0,3536-IQCTX
0.42727665084160554,0,9943-VSZUV
0.42727665084160554,0,9089-UOWJG
0.42727665084160554,0,2452-KDRRH
0.42727665084160554,0,7598-UAASY
0.06865828092243187,0,5130-YPIRV
0.42727665084160554,0,8429-XIBUM
0.42727665084160554,0,5702-SKUOB
0.42727665084160554,0,3716-BDVDB
0.42727665084160554,0,8665-UTDHZ
0.06865828092243187,0,7841-FCRQD
0.42727665084160554,0,4903-UYAVB
0.06865828092243187,0,5129-HHMZC
0.42727665084160554,0,6458-CYIDZ
0.06865828092243187,0,9073-ZZIAY
0.42727665084160554,0,3404-JNXAX
0.42727665084160554,0,6121-VZNQB
0.42727665084160554,0,3672-YITQD
0.06865828092243187,0,6505-OZNPG
0.42727665084160554,0,0289-IVARM
0.06865828092243187,0,0164-XAIRP
0.42727665084160554,0,7284-BUYEC
0.06865828092243187,0,2516-XSJKX
0.42727665084160554,0,8138-EALND
0.42727665084160554,0,6288-LBEAR
0.42727665084160554,0,3858-VOBET
0.06865828092243187,0,8316-BBQAY
0.42727665084160554,0,8040-MNRTF
0.42727665084160554,0,8731-WBBMB
0.42727665084160554,0,3627-FCRDW
0.06865828092243187,0,7139-JZFVG
0.42727665084160554,0,8167-GJLRN
0.42727665084160554,0,7890-VYYWG
0.06865828092243187,0,9386-LDCZR
0.42727665084160554,0,4950-BDEUX
0.06865828092243187,0,3902-MIVLE
0.06865828092243187,0,1139-WUOAH
0.06865828092243187,0,5986-WWXDV
0.42727665084160554,0,4815-GBTCD
0.06865828092243187,0,3549-ZTMNH
0.06865828092243187,0,4884-LEVMQ
0.42727665084160554,0,5419-CONWX
0.06865828092243187,0,8612-GXIDD
0.42727665084160554,0,4412-YLTKF
0.06865828092243187,0,0559-CKHUS
0.42727665084160554,0,2004-OCQXK
0.06865828092243187,0,5707-ZMDJP
0.06865828092243187,0,6904-JLBGY
0.06865828092243187,0,3678-MNGZX
0.06865828092243187,0,9838-BFCQT
0.06865828092243187,0,1951-IEYXM
0.42727665084160554,0,0895-DQHEW
0.42727665084160554,0,3439-GVUSX
0.06865828092243187,0,6253-GNHWH
0.42727665084160554,0,2346-DJQTB
0.06865828092243187,0,5968-HYJRZ
0.42727665084160554,0,3645-DEYGF
0.42727665084160554,0,1346-UFHAX
0.06865828092243187,0,3500-NSDOA
0.06865828092243187,0,3733-UOCWF
0.06865828092243187,0,4304-TSPVK
0.42727665084160554,0,0128-MKWSG
0.06865828092243187,0,2361-FJWNO
0.42727665084160554,0,3785-NRHYR
0.06865828092243187,0,6419-ZTTLE
0.42727665084160554,0,2831-EBWRN
0.42727665084160554,0,4439-YRNVD
0.06865828092243187,0,1150-FTQGN
0.06865828092243187,0,0567-XRHCU
0.42727665084160554,0,8659-HDIYE
0.06865828092243187,0,1561-BWHIN
0.06865828092243187,0,1657-DYMBM
0.06865828092243187,0,3398-GCPMU
0.06865828092243187,0,6849-OYAMU
0.42727665084160554,0,5906-BFOZT
0.42727665084160554,0,1237-WIYYZ
0.42727665084160554,0,4385-GZQXV
0.42727665084160554,0,2592-YKDIF
0.42727665084160554,0,2974-GGUXS
0.06865828092243187,0,2188-SXWVT
0.42727665084160554,0,7989-CHGTL
0.06865828092243187,0,2988-QRAJY
0.42727665084160554,0,9399-APLBT
0.06865828092243187,0,9637-CDTKZ
0.42727665084160554,0,7055-HNEOJ
0.42727665084160554,0,2378-HTWFW
0.06865828092243187,0,0164-APGRB
0.06865828092243187,0,5499-ECUTN
0.42727665084160554,0,9618-LFJRU
0.42727665084160554,0,4139-SUGLD
0.06865828092243187,0,3070-FNFZQ
0.42727665084160554,0,2777-PHDEI
0.42727665084160554,0,2842-BCQGE
0.06865828092243187,0,6901-GOGZG
0.06865828092243187,0,2984-RGEYA
0.06865828092243187,0,2530-ENDWQ
0.42727665084160554,0,8671-KKKOS
0.06865828092243187,0,8148-NLEGT
0.06865828092243187,0,1897-OKVMW
0.06865828092243187,0,4816-OKWNX
0.42727665084160554,0,4182-BGSIQ
0.42727665084160554,0,6376-GAHQE
0.42727665084160554,0,8260-NGFNY
0.42727665084160554,0,8229-TNIQA
0.06865828092243187,0,2236-HILPA
0.06865828092243187,0,0248-PGHBZ
0.42727665084160554,0,0804-XBFBV
0.06865828092243187,0,0369-ZGOVK
0.42727665084160554,0,7901-HXJVA
0.42727665084160554,0,2235-ZGKPT
0.06865828092243187,0,3913-RDSJZ
0.42727665084160554,0,9643-AVVWI
0.42727665084160554,0,8149-AIQCG
0.06865828092243187,0,8922-NPKBJ
0.06865828092243187,0,4576-CSAJH
0.06865828092243187,0,1121-QSIVB
0.06865828092243187,0,3712-PKXZA
0.06865828092243187,0,4707-YNOQA
0.06865828092243187,0,4361-FEBGN
0.42727665084160554,0,0318-QUUOB
0.06865828092243187,0,6576-FBXOJ
0.42727665084160554,0,2479-BRAMR
0.42727665084160554,0,3752-CQSJI
0.06865828092243187,0,6345-FZOQH
0.42727665084160554,0,7270-BDIOA
0.42727665084160554,0,8593-WHYHV
0.42727665084160554,0,5372-FBKBN
0.42727665084160554,0,4030-VPZBD
0.42727665084160554,0,6772-KSATR
0.06865828092243187,0,0068-FIGTF
0.06865828092243187,0,6080-LNESI
0.06865828092243187,0,1705-GUHPV
0.06865828092243187,0,4227-OJHAL
0.06865828092243187,0,0835-JKADZ
0.06865828092243187,0,3785-KTYSH
0.06865828092243187,0,9114-AAFQH
0.42727665084160554,0,7605-SNLQG
0.42727665084160554,0,3062-ICYZQ
0.06865828092243187,0,7445-WMRBW
0.06865828092243187,0,9530-GRMJG
0.42727665084160554,0,1205-WNWPJ
0.42727665084160554,0,8413-VONUO
0.06865828092243187,0,6434-TTGJP
0.06865828092243187,0,6728-DKUCO
0.42727665084160554,0,2516-VQRRV
0.42727665084160554,0,7315-WYOAW
0.42727665084160554,0,7501-VTYLJ
0.06865828092243187,0,2749-CTKAJ
0.06865828092243187,0,5248-YGIJN
0.42727665084160554,0,2178-PMGCJ
0.42727665084160554,0,9314-IJWSQ
0.42727665084160554,0,4338-EYCER
0.42727665084160554,0,7109-MFBYV
0.42727665084160554,0,3318-NMQXL
0.06865828092243187,0,0186-CAERR
0.42727665084160554,0,4860-IJUDE
0.06865828092243187,0,3308-JSGML
0.42727665084160554,0,9530-EHPOH
0.06865828092243187,0,6305-YLBMM
0.06865828092243187,0,3230-WYKIR
0.06865828092243187,0,9945-PSVIP
0.42727665084160554,0,7721-JXEAW
0.42727665084160554,0,3727-RJMEO
0.06865828092243187,0,2230-XTUWL
0.42727665084160554,0,5084-OOVCJ
0.42727665084160554,0,8270-RKSAP
0.42727665084160554,0,8584-KMVXD
0.42727665084160554,0,5842-POCOP
0.06865828092243187,0,2805-AUFQN
0.42727665084160554,0,7312-XSBAT
0.42727665084160554,0,4983-CCWMC
0.06865828092243187,0,0804-YGEQV
0.06865828092243187,0,1709-EJDOX
0.42727665084160554,0,2277-DJJDL
0.42727665084160554,0,9470-XCCEM
0.06865828092243187,0,3224-DFQNQ
0.42727665084160554,0,7517-LDMPS
0.06865828092243187,0,8668-KNZTI
0.06865828092243187,0,8207-DMRVL
0.42727665084160554,0,6275-YDUVO
0.42727665084160554,0,0550-DCXLH
0.42727665084160554,0,4365-MSDYN
0.42727665084160554,0,9863-JZAIC
0.06865828092243187,0,7197-VOJMM
0.42727665084160554,0,1084-UQCHV
0.42727665084160554,0,9279-CJEOJ
0.06865828092243187,0,0112-QWPNC
0.42727665084160554,0,9095-HFAFX
0.06865828092243187,0,8873-TMKGR
0.42727665084160554,0,2862-PFNIK
0.06865828092243187,0,7996-BPXHY
0.06865828092243187,0,3399-BMLVW
0.06865828092243187,0,9128-CPXKI
0.42727665084160554,0,5828-DWPIL
0.42727665084160554,0,7969-AULMZ
0.42727665084160554,0,2603-HVKCG
0.42727665084160554,0,0909-SDHNU
0.42727665084160554,0,9170-CCKOU
0.42727665084160554,0,4080-OGPJL
0.42727665084160554,0,7623-TRNQN
0.42727665084160554,0,6629-LADHQ
0.06865828092243187,0,4652-ODEVH
0.42727665084160554,0,9862-KJTYK
0.42727665084160554,0,3934-HXCFZ
0.06865828092243187,0,4419-UJMUS
0.06865828092243187,0,7336-RLLRH
0.06865828092243187,0,3649-JPUGY
0.06865828092243187,0,6599-GZWCM
0.42727665084160554,0,1564-HJUVY
0.06865828092243187,0,9199-PWQVC
0.06865828092243187,0,7606-BPHHN
0.42727665084160554,0,4317-VTEOA
0.42727665084160554,0,3061-BCKYI
0.06865828092243187,0,7716-YTYHG
0.06865828092243187,0,3352-RICWQ
0.42727665084160554,0,0295-QVKPB
0.06865828092243187,0,1764-VUUMT
0.06865828092243187,0,5989-OMNJE
0.42727665084160554,0,3247-MHJKM
0.42727665084160554,0,9972-NKTFD
0.42727665084160554,0,2359-KLTEK
0.42727665084160554,0,9231-ZJYAM
0.06865828092243187,0,4829-ZLJTK
0.42727665084160554,0,1047-NNCBF
0.06865828092243187,0,6465-GSRCL
0.42727665084160554,0,8286-AFUYI
0.06865828092243187,0,3092-IGHWF
0.42727665084160554,0,0541-FITGH
0.42727665084160554,0,2203-GHNWN
0.06865828092243187,0,7954-MLBUN
0.42727665084160554,0,2675-DHUTR
0.42727665084160554,0,7824-PANSQ
0.42727665084160554,0,8805-JNRAZ
0.42727665084160554,0,0390-DCFDQ
0.42727665084160554,0,3923-CSIHK
0.06865828092243187,0,9570-KYEUA
0.42727665084160554,0,1075-BGWOH
0.42727665084160554,0,6490-FGZAT
0.06865828092243187,0,1921-KYSAY
0.06865828092243187,0,6732-FZUGP
0.06865828092243187,0,1877-HKBQX
0.42727665084160554,0,9822-WMWVG
0.06865828092243187,0,0877-SDMBN
0.42727665084160554,0,7672-VFMXZ
0.42727665084160554,0,4926-UMJZD
0.06865828092243187,0,4877-TSOFF
0.42727665084160554,0,9391-TTOYH
0.42727665084160554,0,6653-CBBOM
0.42727665084160554,0,7551-DACSP
0.42727665084160554,0,0219-YTZUE
0.42727665084160554,0,0929-PECLO
0.42727665084160554,0,9506-UXUSK
0.42727665084160554,0,7394-FKDNK
0.42727665084160554,0,3797-FKOGQ
0.42727665084160554,0,5600-PDUJF
0.42727665084160554,0,6507-ZJSUR
0.42727665084160554,0,5539-HIVAK
0.06865828092243187,0,6848-YLDFR
0.42727665084160554,0,4446-BZKHU
0.42727665084160554,0,0447-BEMNG
0.06865828092243187,0,3813-DHBBB
0.42727665084160554,0,7742-MYPGI
0.06865828092243187,0,2274-XUATA
0.42727665084160554,0,6652-YFFJO
0.42727665084160554,0,5012-YSPJJ
0.42727665084160554,0,2931-SVLTV
0.06865828092243187,0,6463-MVYRY
0.42727665084160554,0,6435-SRWBJ
0.42727665084160554,0,6906-ANDWJ
0.06865828092243187,0,4625-XMOYM
0.42727665084160554,0,8963-MQVYN
0.06865828092243187,0,1891-QRQSA
0.42727665084160554,0,3090-LETTY
0.42727665084160554,0,1376-HHBDV
0.06865828092243187,0,7771-ZONAT
0.06865828092243187,0,0608-JDVEC
0.06865828092243187,0,2925-MXLSX
0.06865828092243187,0,6374-AFWOX
0.42727665084160554,0,1125-SNVCK
0.06865828092243187,0,6762-NSODU
0.06865828092243187,0,3373-DIUUN
0.06865828092243187,0,4102-HLENU
0.42727665084160554,0,3346-BRMIS
0.06865828092243187,0,4302-ZYFEL
0.42727665084160554,0,5204-QZXPU
0.42727665084160554,0,9588-OZDMQ
0.42727665084160554,0,3714-XPXBW
0.42727665084160554,0,5766-ZJYBB
0.42727665084160554,0,0637-YLETY
0.42727665084160554,0,1142-WACZW
0.42727665084160554,0,2276-YDAVZ
0.42727665084160554,0,4988-IQIGL
0.42727665084160554,0,4083-EUGRJ
0.06865828092243187,0,2805-EDJPQ
0.06865828092243187,0,9402-ROUMJ
0.06865828092243187,0,0431-APWVY
0.06865828092243187,0,5944-UGLLK
0.06865828092243187,0,5397-TUPSH
0.42727665084160554,0,3551-HUAZH
0.42727665084160554,0,9774-NRNAU
0.42727665084160554,0,9505-SQFSW
0.42727665084160554,0,9817-APLHW
0.42727665084160554,0,1513-XNPPH
0.42727665084160554,0,3733-ZEECP
0.42727665084160554,0,2697-NQBPF
0.42727665084160554,0,3623-FQBOX
0.06865828092243187,0,9805-FILKB
0.06865828092243187,0,7228-PAQPD
0.06865828092243187,0,0757-WCUUZ
0.06865828092243187,0,4111-BNXIF
0.42727665084160554,0,6198-RTPMF
0.06865828092243187,0,0930-EHUZA
0.42727665084160554,0,7526-IVLYU
0.42727665084160554,0,3452-GWUIN
0.42727665084160554,0,8400-WZICQ
0.06865828092243187,0,4254-QPEDE
0.06865828092243187,0,1023-BQXZE
0.06865828092243187,0,5161-XEUVX
0.42727665084160554,0,4250-WAROZ
0.42727665084160554,0,4423-YLHDV
0.06865828092243187,0,9424-CMPOG
0.42727665084160554,0,0742-MOABM
0.42727665084160554,0,7706-DZNKK
0.06865828092243187,0,2729-VNVAP
0.42727665084160554,0,8404-GFGCZ
0.06865828092243187,0,4335-UPJSI
0.42727665084160554,0,4367-NHWMM
0.42727665084160554,0,8630-FJLIB
0.42727665084160554,0,8780-RSYYU
0.42727665084160554,0,6899-PPEEA
0.06865828092243187,0,0774-RMNUW
0.42727665084160554,0,1965-DDBWU
0.06865828092243187,0,3212-KXOCR
0.06865828092243187,0,0409-WTMPL
0.42727665084160554,0,0867-MKZVY
0.42727665084160554,0,7814-LEEVE
0.42727665084160554,0,7883-ROJOC
0.06865828092243187,0,4825-FUREZ
0.42727665084160554,0,5325-UWTWJ
0.42727665084160554,0,3629-WEAAM
0.42727665084160554,0,3345-PBBFH
0.42727665084160554,0,3030-YDNRM
0.42727665084160554,0,2722-JMONI
0.42727665084160554,0,4690-LLKUA
0.06865828092243187,0,4318-RAJVY
0.42727665084160554,0,5371-VYLSX
0.42727665084160554,0,7529-ZDFXI
0.06865828092243187,0,0661-WCQNQ
0.06865828092243187,0,7103-IPXPJ
0.42727665084160554,0,3640-PHQXK
0.42727665084160554,0,9101-NTIXF
0.42727665084160554,0,2475-MROZF
0.42727665084160554,0,8414-MYSHR
0.06865828092243187,0,6087-YPWHO
0.06865828092243187,0,2495-TTHBQ
0.06865828092243187,0,8982-NHAVY
0.06865828092243187,0,3280-MRDOF
0.42727665084160554,0,2209-XADXF
0.42727665084160554,0,3569-EDBPQ
0.06865828092243187,0,7654-YWJUF
0.42727665084160554,0,2542-HYGIQ
0.06865828092243187,0,6094-ZIVKX
0.06865828092243187,0,3508-VLHCZ
0.42727665084160554,0,2115-BFTIW
0.42727665084160554,0,1925-TIBLE
0.06865828092243187,0,7319-ZNRTR
0.42727665084160554,0,0224-RLWWD
0.42727665084160554,0,4588-YBNIB
0.06865828092243187,0,2223-GDSHL
0.42727665084160554,0,6910-HADCM
0.42727665084160554,0,0921-OHLVP
0.06865828092243187,0,8819-WFGGJ
0.42727665084160554,0,3106-ULWFW
0.06865828092243187,0,9018-PCIOK
0.06865828092243187,0,6211-WWLTF
0.42727665084160554,0,2684-EIWEO
0.42727665084160554,0,8450-UYIBU
0.42727665084160554,0,6791-YBNAK
0.42727665084160554,0,3254-YRILK
0.06865828092243187,0,4698-KVLLG
0.06865828092243187,0,7608-RGIRO
0.42727665084160554,0,8547-NSBBO
0.42727665084160554,0,7241-AJHFS
0.06865828092243187,0,7995-ZHHNZ
0.42727665084160554,0,4710-NKCAW
0.42727665084160554,0,6542-LWGXJ
0.42727665084160554,0,1626-ERCMM
0.42727665084160554,0,9208-OLGAQ
0.06865828092243187,0,4369-NYSCF
0.06865828092243187,0,2722-VOJQL
0.42727665084160554,0,3682-YEUWS
0.42727665084160554,0,5018-HEKFO
0.06865828092243187,0,0810-BDHAW
0.42727665084160554,0,3803-KMQFW
0.42727665084160554,0,1455-UGQVH
0.06865828092243187,0,7601-DHFWZ
0.06865828092243187,0,3719-TDVQB
0.06865828092243187,0,1042-HFUCW
0.42727665084160554,0,7786-WBJYI
0.42727665084160554,0,3023-GFLBR
0.06865828092243187,0,7711-GQBZC
0.42727665084160554,0,2091-MJTFX
0.42727665084160554,0,4847-QNOKA
0.06865828092243187,0,8220-OCUFY
0.42727665084160554,0,2379-ENZGV
0.42727665084160554,0,5759-RCVCB
0.42727665084160554,0,0221-WMXNQ
0.42727665084160554,0,9600-UDOPK
0.06865828092243187,0,5148-ORICT
0.42727665084160554,0,6235-VDHOM
0.42727665084160554,0,2674-MIAHT
0.06865828092243187,0,3129-AAQOU
0.42727665084160554,0,0013-MHZWF
0.06865828092243187,0,5887-IKKYO
0.42727665084160554,0,9732-EQMWY
0.42727665084160554,0,8337-MSSXB
0.06865828092243187,0,0602-DDUML
0.42727665084160554,0,8868-WOZGU
0.06865828092243187,0,3197-NNYNB
0.06865828092243187,0,4508-OEBEY
0.42727665084160554,0,8397-MVTAZ
0.06865828092243187,0,8966-SNIZF
0.06865828092243187,0,6508-NJYRO
0.06865828092243187,0,5062-CJJKH
0.42727665084160554,0,7663-RGWBC
0.42727665084160554,0,3195-TQDZX
0.42727665084160554,0,5649-ANRML
0.42727665084160554,0,8033-ATFAS
0.06865828092243187,0,9770-KXGQU
0.42727665084160554,0,0623-IIHUG
0.06865828092243187,0,4598-ZADCK
0.06865828092243187,0,3108-PCCGG
0.42727665084160554,0,6769-DYBQN
0.06865828092243187,0,1337-BOZWO
0.42727665084160554,0,7925-PNRGI
0.42727665084160554,0,1768-HNVGJ
0.42727665084160554,0,2823-LKABH
0.42727665084160554,0,7233-IOQNP
0.06865828092243187,0,2731-GJRDG
0.42727665084160554,0,4441-NIHPT
0.06865828092243187,0,3882-IYOIJ
0.06865828092243187,0,8563-IIOXK
0.06865828092243187,0,1217-VASWC
0.06865828092243187,0,6447-EGDIV
0.06865828092243187,0,9361-YNQWJ
0.06865828092243187,0,4393-RYCRE
0.42727665084160554,0,1597-FZREH
0.42727665084160554,0,9117-SHLZX
0.06865828092243187,0,8441-SHIPE
0.06865828092243187,0,3511-BFTJW
0.42727665084160554,0,1428-GTBJJ
